index,ego_x,ego_y,ego_angle,ego_acceleration,ego_vel,num_tracked_cars,car_0_x,car_0_y,car_0_angle,car_0_acceleration,car_0_vel,car_0_in_fov,car_0_d_y
0,0.0,27.0,270.0,0.0,0.0,1,31.0,35.0,270.0,0.0,0.0,1.0,-8.0
1,0.0,27.00405224,270.0,0.74,0.054759999999999996,1,31.0,35.00405224,270.0,0.74,0.054759999999999996,1.0,-8.0
2,0.0,27.01320936,270.0,1.38,0.14307999999999998,1,31.0,35.01320936,270.0,1.38,0.14307999999999998,1.0,-7.9999999999999964
3,0.0,27.031086310000003,270.0,2.03,0.27503,1,31.0,35.03108631,270.0,2.03,0.27503,1.0,-7.9999999999999964
4,0.0,27.06028626,270.0,2.6799999999999997,0.44923,1,31.0,35.06028626,270.0,2.6799999999999997,0.44923,1.0,-7.9999999999999964
5,0.0,27.1026357,270.0,3.32,0.66171,1,31.0,35.1026357,270.0,3.32,0.66171,1.0,-8.0
6,0.0,27.16000098,270.0,3.9499999999999997,0.91056,1,31.0,35.16000098,270.0,3.9499999999999997,0.91056,1.0,-8.0
7,0.0,27.23707746,270.0,4.59,1.20432,1,31.0,35.23707746,270.0,4.59,1.20432,1.0,-8.000000000000004
8,0.0,27.333667799999997,270.0,5.22,1.53318,1,31.0,35.3336678,270.0,5.22,1.53318,1.0,-8.000000000000004
9,0.0,27.453476789999996,270.0,5.85,1.90173,1,31.0,35.45347679,270.0,5.85,1.90173,1.0,-8.000000000000007
10,0.0,27.599004899999997,270.0,6.4799999999999995,2.30997,1,31.0,35.599004900000004,270.0,6.4799999999999995,2.30997,1.0,-8.000000000000007
11,0.0,27.776006499999998,270.0,7.119999999999999,2.76565,1,31.0,35.7760065,270.0,7.119999999999999,2.76565,1.0,-8.000000000000004
12,0.0,27.9810022,270.0,7.749999999999999,3.2539,1,31.0,35.9810022,270.0,7.749999999999999,3.2539,1.0,-8.0
13,0.0,28.22361724,270.0,8.389999999999999,3.7908599999999995,1,31.0,36.223617239999996,270.0,8.389999999999999,3.7908599999999995,1.0,-7.9999999999999964
14,0.0,28.4982418,270.0,9.02,4.359119999999999,1,31.0,36.498241799999995,270.0,9.02,4.359119999999999,1.0,-7.9999999999999964
15,0.0,28.822440349999997,270.0,9.67,4.987669999999999,1,31.0,36.822440349999994,270.0,9.67,4.987669999999999,1.0,-7.9999999999999964
16,0.0,29.177544259999998,270.0,10.3,5.636569999999999,1,31.0,37.17754425999999,270.0,10.3,5.636569999999999,1.0,-7.999999999999993
17,0.0,29.58309498,270.0,10.940000000000001,6.336729999999999,1,31.0,37.58309497999999,270.0,10.940000000000001,6.336729999999999,1.0,-7.999999999999993
18,0.0,30.028230299999997,270.0,11.570000000000002,7.065639999999999,1,31.0,38.02823029999999,270.0,11.570000000000002,7.065639999999999,1.0,-7.999999999999993
19,0.0,30.539126399999997,270.0,12.220000000000002,7.85994,1,31.0,38.53912639999999,270.0,12.220000000000002,7.85994,1.0,-7.999999999999989
20,0.0,31.094837119999998,270.0,12.860000000000003,8.68298,1,31.0,39.09483711999999,270.0,12.860000000000003,8.68298,1.0,-7.999999999999989
21,0.0,31.705843839999996,270.0,13.500000000000004,9.546980000000001,1,31.0,39.705843839999986,270.0,13.500000000000004,9.546980000000001,1.0,-7.999999999999989
22,0.0,32.36338555,270.0,14.130000000000004,10.437170000000002,1,31.0,40.36338554999998,270.0,14.130000000000004,10.437170000000002,1.0,-7.999999999999986
23,0.0,33.229873299999994,270.0,14.880000000000004,11.553170000000001,1,31.0,41.22565454999998,270.0,14.130000000000004,11.496920000000003,1.0,-7.995781249999986
24,0.0,34.142571939999996,270.0,15.600000000000005,12.676370000000002,1,31.0,42.12687209280929,270.0,14.166532177722186,12.516910316796,1.0,-7.984300152809297
25,0.0,35.00560012,270.0,16.230000000000004,13.698860000000003,1,31.0,42.97191764148673,270.0,14.230334774323355,13.413421407578372,1.0,-7.9663175214867366
26,0.0,35.935545639999994,270.0,16.860000000000003,14.761040000000003,1,31.0,43.87382196253065,270.0,14.325717401481002,14.315941603871675,1.0,-7.938276322530655
27,0.0,36.96899299,270.0,17.51,15.899190000000003,1,31.0,44.865436094931404,270.0,14.456314354815163,15.255602036934661,1.0,-7.896443104931407
28,0.0,38.06088355,270.0,18.150000000000002,17.060790000000004,1,31.0,45.901662070457256,270.0,14.616075479012789,16.19103086759148,1.0,-7.840778520457256
29,0.0,39.21025114,270.0,18.78,18.243930000000006,1,31.0,46.98045168334812,270.0,14.803393356665595,17.12364464906141,1.0,-7.770200543348125
30,0.0,40.47819834,270.0,19.43,19.506880000000006,1,31.0,48.15697718189089,270.0,15.026886710951963,18.10039228527329,1.0,-7.678778841890889
31,0.0,41.78674992,270.0,20.06,20.770660000000007,1,31.0,49.35791618550105,270.0,15.2719298659466,19.062523866827927,1.0,-7.5711662655010485
32,0.0,43.200859359999995,270.0,20.7,22.095460000000006,1,31.0,50.64160534368056,270.0,15.548737964483866,20.057643096554894,1.0,-7.440745983680564
33,0.0,44.677532109999994,270.0,21.33,23.439250000000005,1,31.0,51.88539185876352,270.0,-5.0,19.742643096554893,1.0,-7.207859748763525
34,0.0,46.24136409999999,270.0,21.959999999999997,24.822730000000004,1,31.0,53.110619190753994,270.0,-4.676035044717985,19.44805288873766,1.0,-6.869255090754002
35,0.0,47.816364099999994,270.0,22.589999999999996,25.0,1,31.0,54.31866775714465,270.0,-4.328235222931,19.175374069693007,1.0,-6.502303657144658
36,0.0,49.395884099999996,270.0,-5.0,24.68,1,31.0,55.529703796602874,270.0,-3.952124268098343,18.922438116534714,1.0,-6.1338196966028775
37,0.0,50.93337957,270.0,-4.37,24.40469,1,31.0,56.70768400148413,270.0,-3.5609464500952974,18.69809849017871,1.0,-5.774304431484133
38,0.0,52.48000165,270.0,-3.73,24.165969999999998,1,31.0,57.89148495778297,270.0,-3.1438835626455255,18.4968899421694,1.0,-5.411483307782973
39,0.0,54.037776699999995,270.0,-3.08,23.96577,1,31.0,59.08236674274141,270.0,-2.702026339071778,18.321258230129732,0.0,0.0
40,0.0,55.703718599999995,270.0,-2.38,23.79917,1,31.0,60.354033597818336,270.0,-2.208412455541132,18.166669358241855,0.0,0.0
41,0.0,57.21973843999999,270.0,-1.7399999999999998,23.68781,1,31.0,61.50956241588624,270.0,-1.7426808739196185,18.055137782311,0.0,0.0
42,0.0,58.73125267999999,270.0,-1.0999999999999996,23.61741,1,31.0,62.65991226314802,270.0,-1.2643971694638838,17.974216363465313,0.0,0.0
43,0.0,60.28808509999999,270.0,-0.4399999999999996,23.58837,1,31.0,63.842899073664995,270.0,-0.7602087859814127,17.92404258359054,0.0,0.0
44,0.0,61.798559979999986,270.0,0.2000000000000004,23.60117,1,31.0,64.98896202040154,270.0,-0.2626412629997593,17.907233542758558,0.0,0.0
45,0.0,63.312475499999984,270.0,0.8400000000000004,23.65493,1,31.0,66.13601448007368,270.0,0.24158030654249119,17.922694682377276,0.0,0.0
46,0.0,64.85634119999999,270.0,1.4900000000000004,23.75178,1,31.0,67.30419377432978,270.0,0.7583763080623434,17.971989142401327,0.0,0.0
47,0.0,66.4092484,270.0,2.1400000000000006,23.89088,1,31.0,68.47777172003161,270.0,1.2777873244375075,18.055045318489764,0.0,0.0
48,0.0,67.9496516,270.0,2.7800000000000007,24.0688,1,31.0,69.64062532532245,270.0,1.7897228778065317,18.169587582669383,0.0,0.0
49,0.0,69.52861535,270.0,3.4300000000000006,24.29175,1,31.0,70.83140018729746,270.0,2.308087361301542,18.319613261153982,0.0,0.0
50,0.0,71.09995807,270.0,4.07,24.55223,1,31.0,72.01538516785969,270.0,2.8148759395445797,18.499765321284837,0.0,0.0
51,0.0,72.71579502,270.0,4.720000000000001,24.85903,1,31.0,73.23191319356212,270.0,3.3238532115762647,18.715815780037293,0.0,0.0
52,0.0,74.31579502,270.0,5.36,25.0,1,31.0,74.44536122974964,270.0,3.817340396758955,18.960125565429866,0.0,0.0
53,0.0,75.91967002,270.0,-5.0,24.675,1,31.0,75.6959738214776,270.0,4.3087408224905825,19.240193718891753,0.0,0.0
54,0.0,77.48101146,270.0,-4.36,24.395960000000002,1,31.0,76.94692913904818,270.0,4.780986221072128,19.54617683704037,0.0,0.0
55,0.0,79.02711578,270.0,-3.72,24.157880000000002,1,31.0,78.21934641131602,270.0,5.239735033509292,19.881519879184964,0.0,0.0
56,0.0,80.65579466,270.0,-3.04,23.95116,1,31.0,79.59769674669366,270.0,5.710852853168026,20.26985787320039,0.0,0.0
57,0.0,82.20252230999999,270.0,-2.39,23.795810000000003,1,31.0,80.89411250845168,270.0,-5.0,19.94485787320039,0.0,0.0
58,0.0,83.74189845999999,270.0,-1.7400000000000002,23.682710000000004,1,31.0,82.17115155897335,270.0,-4.586203842923967,19.646754623410335,0.0,0.0
59,0.0,85.25308629999999,270.0,-1.1,23.612310000000004,1,31.0,83.41134368566235,270.0,-4.199260060854587,19.37800197951564,0.0,0.0
60,0.0,86.80958211999999,270.0,-0.44000000000000006,23.583270000000006,1,31.0,84.67363901327326,270.0,-3.8229575383665475,19.12568678198345,0.0,0.0
61,0.0,88.34338191999998,270.0,0.20999999999999996,23.596920000000004,1,31.0,85.90212154999672,270.0,-3.476237658098076,18.899731334207075,0.0,0.0
62,0.0,89.85706639999998,270.0,0.85,23.651320000000005,1,31.0,87.09876205929268,270.0,-3.159740257153126,18.697507957749274,0.0,0.0
63,0.0,91.37685391999997,270.0,1.49,23.746680000000005,1,31.0,88.28364948322296,270.0,-2.8694056068553873,18.51386599891053,0.0,0.0
64,0.0,92.92942961999998,270.0,2.14,23.885780000000004,1,31.0,89.47605608369247,270.0,-2.602293363237216,18.34471693030011,0.0,0.0
65,0.0,94.46950641999997,270.0,2.7800000000000002,24.063700000000004,1,31.0,90.64041994428236,270.0,-2.3676813841127817,18.19318532171689,0.0,0.0
66,0.0,96.04813866999997,270.0,3.43,24.286650000000005,1,31.0,91.81385438073237,270.0,-2.159197505701343,18.052837483846304,0.0,0.0
67,0.0,97.61915498999997,270.0,4.07,24.547130000000006,1,31.0,92.96110917494279,270.0,-1.9840831923186004,17.925856159537915,0.0,0.0
68,0.0,99.23466043999997,270.0,4.720000000000001,24.853930000000005,1,31.0,94.11852604025259,270.0,-1.837582262761057,17.806413312458446,0.0,0.0
69,0.0,100.85966043999997,270.0,5.370000000000001,25.0,1,31.0,95.26866314274275,270.0,-1.7230207857120556,17.694416961387162,0.0,0.0
70,0.0,102.46353543999997,270.0,-5.0,24.675,1,31.0,96.41186761148023,270.0,-1.6408600598059138,17.58776105749978,0.0,0.0
71,0.0,104.02487687999998,270.0,-4.36,24.395960000000002,1,31.0,97.53096270332658,270.0,-1.5921913656341724,17.485860810099194,0.0,0.0
72,0.0,105.59493952999998,270.0,-3.7100000000000004,24.15481,1,31.0,98.66088635373312,270.0,-1.5756928402151773,17.38344077548521,0.0,0.0
73,0.0,107.34236023999998,270.0,-2.9800000000000004,23.93727,1,31.0,99.92138192155399,270.0,-1.5942219533780488,17.267062572888612,0.0,0.0
74,0.0,108.88843853999998,270.0,-2.3300000000000005,23.78582,1,31.0,101.03679656291159,270.0,-1.6436510958962238,17.16022525165536,0.0,0.0
75,0.0,110.71069743999998,270.0,-1.5600000000000005,23.6657,1,31.0,102.34781163713102,270.0,-1.7409799558158074,17.02616979505754,0.0,0.0
76,0.0,112.59908943999997,270.0,-0.7600000000000005,23.6049,1,31.0,103.69786055707611,270.0,-1.8819786967991934,16.875611499313607,0.0,0.0
77,0.0,114.29843487999997,270.0,-0.04000000000000048,23.60202,1,31.0,104.90230715855547,270.0,-2.044256649539857,16.728425020546737,0.0,0.0
78,0.0,115.85886891999998,270.0,0.6199999999999996,23.64294,1,31.0,105.99669179256115,270.0,-2.22484328521581,16.581585363722493,0.0,0.0
79,0.0,117.42487863999997,270.0,1.2799999999999996,23.72742,1,31.0,107.08046288181478,270.0,-2.436534607910502,16.4207740796004,0.0,0.0
80,0.0,118.97531518999998,270.0,1.9299999999999997,23.85287,1,31.0,108.13651211460216,270.0,-2.674812399208755,16.24691127365183,0.0,0.0
81,0.0,120.53665223999998,270.0,2.5799999999999996,24.02057,1,31.0,109.18013171577358,270.0,-2.9419246428269266,16.05568617186808,0.0,0.0
82,0.0,122.08715783999997,270.0,3.2199999999999998,24.22665,1,31.0,110.19445629670851,270.0,-3.232259293124665,15.8488215771081,0.0,0.0
83,0.0,123.67824083999997,270.0,3.8699999999999997,24.4782,1,31.0,111.20961530841436,270.0,-3.55370196595938,15.617830949320739,0.0,0.0
84,0.0,125.31353471999998,270.0,4.529999999999999,24.77718,1,31.0,112.22337867794123,270.0,-3.9057559982319816,15.360051053437429,0.0,0.0
85,0.0,127.01353471999998,270.0,5.209999999999999,25.0,1,31.0,113.24800918300959,270.0,-4.293461627462083,15.068095662770007,0.0,0.0
86,0.0,128.64175472,270.0,-5.0,24.67,1,31.0,114.22206297806615,270.0,-4.6924974027211315,14.758390834190413,0.0,0.0
87,0.0,130.22692597,270.0,-4.35,24.38725,1,31.0,115.15978429199838,270.0,-5.106293559797164,14.426481752803598,0.0,0.0
88,0.0,131.89222096,270.0,-3.6599999999999997,24.134710000000002,1,31.0,116.12871241578063,270.0,-5.565872119555558,14.042436576554264,0.0,0.0
89,0.0,133.44825986,270.0,-3.01,23.93906,1,31.0,117.01605232573942,270.0,-6.0162053295234665,13.651383230135238,0.0,0.0
90,0.0,135.01800122,270.0,-2.3499999999999996,23.78396,1,31.0,117.88877627150387,270.0,-6.489290042349292,13.223090087340184,0.0,0.0
91,0.0,136.58038094,270.0,-1.6899999999999995,23.67242,1,31.0,118.73111148448275,270.0,-6.976293109636511,12.762654742104175,0.0,0.0
92,0.0,138.11469424,270.0,-1.0399999999999996,23.60482,1,31.0,119.52913303753259,270.0,-7.467693535368138,12.277254662305246,0.0,0.0
93,0.0,139.62376432,270.0,-0.3999999999999996,23.57922,1,31.0,120.28226833968874,270.0,-7.9611807205508285,11.767739096189993,0.0,0.0
94,0.0,141.13381744,270.0,0.24000000000000044,23.59458,1,31.0,121.00074194810584,270.0,-8.462327573012795,11.226150131517175,0.0,0.0
95,0.0,142.67122539,270.0,0.8900000000000005,23.65243,1,31.0,121.69251373495067,270.0,-8.97703472279088,10.642642874535767,0.0,0.0
96,0.0,144.21513983999998,270.0,1.5400000000000005,23.75253,1,31.0,122.34416746014894,270.0,-9.495399206285889,10.025441926127185,0.0,0.0
97,0.0,145.74423104,270.0,2.1800000000000006,23.89205,1,31.0,122.94480570024554,270.0,-10.007334759654913,9.38497250150927,0.0,0.0
98,0.0,147.28487296,270.0,2.8200000000000007,24.07253,1,31.0,123.50707533716658,270.0,-9.367334759654913,8.785463076891357,0.0,0.0
99,0.0,148.88881882,270.0,3.480000000000001,24.30221,1,31.0,124.04898675002836,270.0,-8.707334759654913,8.210778982754134,0.0,0.0
100,0.0,150.47098468000002,270.0,-5.0,23.97221,1,31.0,124.55584397267708,270.0,-8.047334759654913,7.679654888616909,0.0,0.0
101,0.0,152.03137054,270.0,-5.0,23.642210000000002,1,31.0,125.03052196511274,270.0,-7.387334759654912,7.192090794479685,0.0,0.0
102,0.0,153.52399198,270.0,-5.0,23.322210000000002,1,31.0,125.4631786927839,270.0,-6.747334759654913,6.76026136986177,0.0,0.0
103,0.0,155.01881063000002,270.0,-5.0,22.997210000000003,1,31.0,125.87683444246537,270.0,-6.097334759654912,6.363934610484201,0.0,0.0
104,0.0,156.62640754000003,270.0,-5.0,22.642210000000002,1,31.0,126.30151624528632,270.0,-5.387334759654912,5.981433842548703,0.0,0.0
105,0.0,158.71059528000004,270.0,-5.0,22.172210000000003,1,31.0,126.82447437654959,270.0,-4.447334759654913,5.563384375141141,0.0,0.0
106,0.0,160.15218114000004,270.0,-5.0,21.842210000000005,1,31.0,127.17516011509585,270.0,-3.7873347596549127,5.313420281003917,0.0,0.0
107,0.0,161.57198700000004,270.0,-5.0,21.512210000000007,1,31.0,127.51222318342906,270.0,-3.1273347596549126,5.107016186866693,0.0,0.0
108,0.0,162.97001286000003,270.0,-5.0,21.18221000000001,1,31.0,127.8385385415492,270.0,-2.4673347596549124,4.944172092729469,0.0,0.0
109,0.0,164.28464709000002,270.0,-5.0,20.867210000000007,1,31.0,128.1427290017301,270.0,-1.8373347596549126,4.828420002871209,0.0,0.0
110,0.0,165.61989074000002,270.0,-5.0,20.542210000000008,1,31.0,128.45155981255718,270.0,-1.1873347596549126,4.75124324349364,0.0,0.0
111,0.0,166.91411218000002,270.0,-5.0,20.222210000000008,1,31.0,128.75339749696522,270.0,-0.5473347596549126,4.716213818875725,0.0,0.0
112,0.0,168.18785362000003,270.0,-5.0,19.902210000000007,1,31.0,129.05561473819773,270.0,0.09266524034508739,4.7221443942578105,0.0,0.0
113,0.0,169.44111506000002,270.0,-5.0,19.582210000000007,1,31.0,129.3608329762547,270.0,0.7326652403450874,4.769034969639896,0.0,0.0
114,0.0,170.69283371,270.0,-5.0,19.257210000000008,1,31.0,129.67666200992176,270.0,1.3826652403450874,4.858908210262326,0.0,0.0
115,0.0,171.92342736,270.0,-5.0,18.93221000000001,1,31.0,130.00107905422925,270.0,2.0326652403450876,4.991031450884757,0.0,0.0
116,0.0,173.15117322,270.0,-5.0,18.60221000000001,1,31.0,130.34221637977458,270.0,2.6926652403450877,5.168747356747533,0.0,0.0
117,0.0,174.33919187,270.0,-5.0,18.27721000000001,1,31.0,130.69230771860364,270.0,3.3426652403450876,5.3860205973699635,0.0,0.0
118,0.0,175.47081110000002,270.0,-5.0,17.96221000000001,1,31.0,131.04739452457687,270.0,3.9726652403450875,5.636298507511704,0.0,0.0
119,0.0,176.59991254000002,270.0,-5.0,17.64221000000001,1,31.0,131.4270111058821,270.0,4.612665240345088,5.93150908289379,0.0,0.0
120,0.0,177.82730445,270.0,-5.0,17.28721000000001,1,31.0,131.8749798062441,270.0,5.322665240345088,6.3094183149582905,0.0,0.0
121,0.0,178.99631694,270.0,-5.0,16.94221000000001,1,31.0,132.33895596918552,270.0,6.012665240345088,6.724292216542102,0.0,0.0
122,0.0,180.07643559000002,270.0,-5.0,16.61721000000001,1,31.0,132.80418472390122,270.0,6.662665240345088,7.157365457164532,0.0,0.0
123,0.0,181.11945703,270.0,-5.0,16.29721000000001,1,31.0,133.2921678299842,270.0,7.302665240345088,7.624736032546618,0.0,0.0
124,0.0,182.15765068000002,270.0,-5.0,15.972210000000011,1,31.0,133.8213756827402,270.0,7.952665240345088,8.141659273169049,0.0,0.0
125,0.0,183.17471933000002,270.0,-5.0,15.647210000000012,1,31.0,134.38692979613666,270.0,8.602665240345088,8.700832513791479,0.0,0.0
126,0.0,184.17066298,270.0,-5.0,15.322210000000013,1,31.0,134.99157642017357,270.0,9.252665240345088,9.30225575441391,0.0,0.0
127,0.0,185.14548163,270.0,-5.0,14.997210000000013,1,31.0,135.63806180485093,270.0,9.902665240345089,9.94592899503634,0.0,0.0
128,0.0,186.09917528,270.0,-5.0,14.672210000000014,1,31.0,136.32913220016874,270.0,10.552665240345089,10.631852235658771,0.0,0.0
129,0.0,187.03174393,270.0,-5.0,14.347210000000015,1,31.0,137.06259309458284,270.0,10.033254223969925,11.284013760216816,0.0,0.0
130,0.0,187.92948537,270.0,-5.0,14.027210000000014,1,31.0,137.82378195421467,270.0,9.524408930165762,11.893575931747424,0.0,0.0
131,0.0,188.82012902,270.0,-5.0,13.702210000000015,1,31.0,138.63494139487483,270.0,9.012308898599414,12.479376010156386,0.0,0.0
132,0.0,189.67659046,270.0,-5.0,13.382210000000015,1,31.0,139.46849784019938,270.0,8.514741375617762,13.024319458195922,0.0,0.0
133,0.0,190.5125719,270.0,-5.0,13.062210000000015,1,31.0,140.334928091053,270.0,8.025831427998396,13.53797266958782,0.0,0.0
134,0.0,191.34049055000003,270.0,-5.0,12.737210000000015,1,31.0,141.2467531295105,270.0,7.54007454066054,14.028077514730755,0.0,0.0
135,0.0,192.14728420000003,270.0,-5.0,12.412210000000016,1,31.0,142.18843652140848,270.0,7.06706590307619,14.487436798430707,0.0,0.0
136,0.0,193.00692522000003,270.0,-4.29,12.107620000000017,1,31.0,143.25014575847635,270.0,6.566400392637964,14.953651226308002,0.0,0.0
137,0.0,193.84851946000003,270.0,-3.58,11.853440000000017,1,31.0,144.34252321129662,270.0,6.08375634842664,15.385597927046295,0.0,0.0
138,0.0,194.64114378000002,270.0,-2.9,11.656240000000016,1,31.0,145.41482612972484,270.0,5.640627030511257,15.76916056512106,0.0,0.0
139,0.0,195.43490253000002,270.0,-2.21,11.503750000000016,1,31.0,146.52771346521976,270.0,5.212194182222207,16.128801963694393,0.0,0.0
140,0.0,196.18739823,270.0,-1.5499999999999998,11.401450000000017,1,31.0,147.61322917525837,270.0,4.82432976005103,16.447207727857762,0.0,0.0
141,0.0,196.92468998,270.0,-0.8999999999999998,11.342950000000016,1,31.0,148.7011643672171,270.0,4.465488674080332,16.737464491672984,0.0,0.0
142,0.0,197.66092548,270.0,-0.24999999999999978,11.326700000000017,1,31.0,149.80655404444536,270.0,4.131239117043331,17.0059950342808,0.0,0.0
143,0.0,198.38743172,270.0,0.39000000000000024,11.351660000000017,1,31.0,150.91061586401352,270.0,3.8276702573673553,17.25096593075231,0.0,0.0
144,0.0,199.12968362,270.0,1.0400000000000003,11.419260000000017,1,31.0,152.04691276847385,270.0,3.546537032290445,17.48149083785119,0.0,0.0
145,0.0,199.86739754,270.0,1.6800000000000002,11.526780000000016,1,31.0,153.17923516932308,270.0,3.2976043034070046,17.69253751326924,0.0,0.0
146,0.0,200.62648249,270.0,2.33,11.678230000000017,1,31.0,154.3422382264456,270.0,3.074110949120635,17.892354724962082,0.0,0.0
147,0.0,201.41027011,270.0,2.99,11.875570000000018,1,31.0,155.53566965383266,270.0,2.877873172531982,18.082294354349195,0.0,0.0
148,0.0,202.19756116,270.0,3.64,12.112170000000017,1,31.0,156.7224922635391,270.0,2.715615780768769,18.258809380099166,0.0,0.0
149,0.0,203.01569518,270.0,4.3,12.395970000000016,1,31.0,157.9388252726329,270.0,2.583009643537159,18.429288016572617,0.0,0.0
150,0.0,203.84234698,270.0,4.95,12.717720000000016,1,31.0,159.1472264244702,270.0,2.484598996469746,18.59078695134315,0.0,0.0
151,0.0,204.63580106,270.0,-5.0,12.397720000000016,1,31.0,160.3469482232285,270.0,2.4197836602399865,18.74565310559851,0.0,0.0
152,0.0,205.49441329,270.0,-4.29,12.093130000000016,1,31.0,161.6899061222092,270.0,2.383758873875058,18.91489998564364,0.0,0.0
153,0.0,206.32334139000002,270.0,-3.59,11.841830000000016,1,31.0,163.02562953968626,270.0,2.383758873875058,19.081763106814893,0.0,0.0
154,0.0,207.08063884000003,270.0,-2.94,11.650730000000015,1,31.0,164.27601552287135,270.0,2.383758873875058,19.236707433616772,0.0,0.0
155,0.0,207.81686476000004,270.0,-2.3,11.503530000000016,1,31.0,165.51706168457017,270.0,2.416231920739219,19.39134627654408,0.0,0.0
156,0.0,208.55762296000003,270.0,-1.65,11.396280000000015,1,31.0,166.78798589603116,270.0,2.4820599965975685,19.552680176322923,0.0,0.0
157,0.0,209.28284792000002,270.0,-1.0099999999999998,11.331640000000014,1,31.0,168.0499208336875,270.0,2.5789566337100984,19.71773340088037,0.0,0.0
158,0.0,210.01788352000003,270.0,-0.35999999999999976,11.308240000000014,1,31.0,169.34302136865,270.0,2.7095535870442595,19.893854384038246,0.0,0.0
159,0.0,210.75414437000003,270.0,0.29000000000000026,11.327090000000014,1,31.0,170.64825530499795,270.0,2.871810978807473,20.080522097660733,0.0,0.0
160,0.0,211.49437672000005,270.0,0.9400000000000003,11.388190000000014,1,31.0,171.93236424134588,270.0,-5.0,19.755522097660734,0.0,0.0
161,0.0,212.24132682000004,270.0,1.5900000000000003,11.491540000000015,1,31.0,173.1962924371157,270.0,-4.7765066457136305,19.445049165689348,0.0,0.0
162,0.0,212.99774092000004,270.0,2.24,11.637140000000015,1,31.0,174.44110806653657,270.0,-4.523684342941387,19.151009683398158,0.0,0.0
163,0.0,213.77842456000005,270.0,2.9000000000000004,11.828540000000014,1,31.0,175.68661299322264,270.0,-4.238225991324831,18.87128676797072,0.0,0.0
164,0.0,214.56227841000006,270.0,3.5500000000000003,12.059290000000015,1,31.0,176.8966427470475,270.0,-3.929913868216418,18.61584236653665,0.0,0.0
165,0.0,215.36387726000007,270.0,4.2,12.332290000000015,1,31.0,178.09148081915765,270.0,-3.5956643111794175,18.382124186309987,0.0,0.0
166,0.0,216.19897856000006,270.0,4.86,12.653050000000015,1,31.0,179.2906254613585,270.0,-3.231302593116862,18.168858215164274,0.0,0.0
167,0.0,217.01229986000007,270.0,-5.0,12.323050000000014,1,31.0,180.4773840868867,270.0,-2.8434381709456846,17.98119129588186,0.0,0.0
168,0.0,217.84207040000007,270.0,-4.31,12.025660000000014,1,31.0,181.7065884459614,270.0,-2.4150053226566346,17.814555928618553,0.0,0.0
169,0.0,218.66617760000008,270.0,-3.6099999999999994,11.772960000000014,1,31.0,182.9440090312961,270.0,-1.9588427895084464,17.67743693335296,0.0,0.0
170,0.0,219.4074819200001,270.0,-2.9699999999999993,11.582880000000014,1,31.0,184.06912357834975,270.0,-1.523783369374295,17.579914797713005,0.0,0.0
171,0.0,220.1505671200001,270.0,-2.3199999999999994,11.432080000000013,1,31.0,185.20731660850498,270.0,-1.0654276203815525,17.510662002388205,0.0,0.0
172,0.0,220.87533896000008,270.0,-1.6799999999999993,11.324560000000014,1,31.0,186.32554262168307,270.0,-0.599696038760039,17.472281455907563,0.0,0.0
173,0.0,221.60708361000007,270.0,-1.0299999999999994,11.257610000000014,1,31.0,187.46075952340232,270.0,-0.11393915142218347,17.464875411065123,0.0,0.0
174,0.0,222.3372227600001,270.0,-0.37999999999999934,11.232910000000015,1,31.0,188.59759295243126,270.0,0.38261001412873497,17.48974506198349,0.0,0.0
175,0.0,223.0685026600001,270.0,0.2700000000000007,11.250460000000015,1,31.0,189.73817797878547,270.0,0.8879520296569767,17.547461943911195,0.0,0.0
176,0.0,223.79225946000008,270.0,0.9100000000000007,11.308700000000014,1,31.0,190.8669178862581,270.0,1.3921735991992272,17.636561054259946,0.0,0.0
177,0.0,224.52236506000008,270.0,1.5500000000000007,11.407900000000014,1,31.0,192.0034443671165,270.0,1.9010188930033893,17.758226263412162,0.0,0.0
178,0.0,225.2731735600001,270.0,2.2000000000000006,11.550900000000015,1,31.0,193.1679553906054,270.0,2.4204299093785533,17.91555420752177,0.0,0.0
179,0.0,226.0360233100001,270.0,2.8500000000000005,11.736150000000015,1,31.0,194.34488945391996,270.0,2.9403644557689685,18.106677897146753,0.0,0.0
180,0.0,226.8136605600001,270.0,3.5000000000000004,11.963650000000015,1,31.0,195.5364366470029,270.0,3.4587289392639784,18.33149527819891,0.0,0.0
181,0.0,227.6088315600001,270.0,4.15,12.233400000000016,1,31.0,196.74477160756203,270.0,3.9734360890420635,18.589768623986647,0.0,0.0
182,0.0,228.4242825600001,270.0,4.800000000000001,12.545400000000015,1,31.0,197.9720447645717,270.0,4.482413361073748,18.88112549245644,0.0,0.0
183,0.0,229.21860856000012,270.0,-5.0,12.220400000000016,1,31.0,199.22037367925427,270.0,4.983611283524918,19.20506022588556,0.0,0.0
184,0.0,230.05296656000013,270.0,-4.3,11.919400000000016,1,31.0,200.59174067260207,270.0,5.512811742005132,19.59095704782592,0.0,0.0
185,0.0,230.80081680000012,270.0,-3.6599999999999997,11.685160000000016,1,31.0,201.8700767177108,270.0,5.985057140586678,19.974000704823467,0.0,0.0
186,0.0,231.54763495000012,270.0,-3.01,11.489510000000015,1,31.0,203.1956421282654,270.0,6.4509739032181725,20.39331400853265,0.0,0.0
187,0.0,232.2844821000001,270.0,-2.36,11.336110000000016,1,31.0,204.50008253882004,270.0,-5.0,20.06831400853265,0.0,0.0
188,0.0,233.01410450000012,270.0,-1.71,11.224960000000015,1,31.0,205.78339794937466,270.0,-5.0,19.74331400853265,0.0,0.0
189,0.0,233.73924840000012,270.0,-1.06,11.156060000000016,1,31.0,207.04733664869292,270.0,-4.586203842923967,19.445210758742594,0.0,0.0
190,0.0,234.49610336000012,270.0,-0.38,11.130220000000016,1,31.0,208.35030542851905,270.0,-4.175076074475251,19.161305585678278,0.0,0.0
191,0.0,235.22070841000013,270.0,0.27,11.147770000000016,1,31.0,209.579716384268,270.0,-3.804475105358242,18.91401470382999,0.0,0.0
192,0.0,235.94920046000013,270.0,0.92,11.207570000000015,1,31.0,210.79451832419096,270.0,-3.4577552250897705,18.689260614199156,0.0,0.0
193,0.0,236.69578256000014,270.0,1.58,11.311850000000014,1,31.0,212.01436928885482,270.0,-3.131367280365291,18.482590373695047,0.0,0.0
194,0.0,237.46377676000014,270.0,2.25,11.462600000000014,1,31.0,213.2400105411775,270.0,-2.827423193334846,18.293153019741613,0.0,0.0
195,0.0,238.22109826000013,270.0,2.9,11.651100000000014,1,31.0,214.41824817369815,270.0,-2.5603109497166745,18.12673280801003,0.0,0.0
196,0.0,238.99341851000014,270.0,3.55,11.881850000000014,1,31.0,215.5866752161245,270.0,-2.322033158418421,17.97580065271283,0.0,0.0
197,0.0,239.78348376000014,270.0,4.2,12.154850000000014,1,31.0,216.7461725128428,270.0,-2.113549280006982,17.838419949512378,0.0,0.0
198,0.0,240.61972014000014,270.0,4.87,12.481140000000014,1,31.0,217.93268186277712,270.0,-1.9302264831844234,17.70909477513902,0.0,0.0
199,0.0,241.45431624000014,270.0,5.5200000000000005,12.839940000000015,1,31.0,219.07623678269707,270.0,-1.78372555362688,17.593152614153276,0.0,0.0
200,0.0,242.39735741000015,270.0,6.23,13.282270000000015,1,31.0,220.31698967029092,270.0,-1.6585891710041247,17.475392783011984,0.0,0.0
201,0.0,243.30400007000014,270.0,6.890000000000001,13.737010000000014,1,31.0,221.4635041776955,270.0,-1.575164433930196,17.37143193037259,0.0,0.0
202,0.0,244.21401159000015,270.0,7.53,14.218930000000015,1,31.0,222.56902329468932,270.0,-1.5264957397584547,17.27373620302805,0.0,0.0
203,0.0,245.17280254000016,270.0,8.18,14.750630000000015,1,31.0,223.68543640965555,270.0,-1.5099972143394595,17.175586384095986,0.0,0.0
204,0.0,246.18485116000016,270.0,8.84,15.334070000000015,1,31.0,224.81237458990847,270.0,-1.5267495632264394,17.07482091292304,0.0,0.0
205,0.0,247.20506172000017,270.0,9.48,15.940790000000014,1,31.0,225.89871021515324,270.0,-1.575418257398181,16.97399414444956,0.0,0.0
206,0.0,248.30132370000018,270.0,10.14,16.610030000000013,1,31.0,227.011767908603,270.0,-1.65884299447211,16.8645105068144,0.0,0.0
207,0.0,249.4265634000002,270.0,10.790000000000001,17.311380000000014,1,31.0,228.10046845765376,270.0,-1.773404471521111,16.749239216165527,0.0,0.0
208,0.0,250.60013710000018,270.0,11.440000000000001,18.054980000000015,1,31.0,229.18105740638495,270.0,-1.9199054010786545,16.624445365095415,0.0,0.0
209,0.0,251.8247910500002,270.0,12.090000000000002,18.840830000000015,1,31.0,230.2527833365417,270.0,-2.0977558756080024,16.488091233180896,0.0,0.0
210,0.0,253.1238248300002,270.0,12.750000000000002,19.682330000000015,1,31.0,231.33093740593586,270.0,-2.3094471983026943,16.335667718092918,0.0,0.0
211,0.0,254.4597912800002,270.0,13.400000000000002,20.553330000000013,1,31.0,232.38199166953083,270.0,-2.5477249896009475,16.170065593768857,0.0,0.0
212,0.0,255.83271224000018,270.0,14.040000000000003,21.451890000000013,1,31.0,233.40536312640555,270.0,-2.8107278140865315,15.99017901366732,0.0,0.0
213,0.0,257.3125701800002,270.0,14.700000000000003,22.422090000000015,1,31.0,234.44716719140845,270.0,-3.110135422206074,15.784910075801719,0.0,0.0
214,0.0,258.8104165800002,270.0,15.340000000000003,23.403850000000016,1,31.0,235.44336594821613,270.0,-3.4266328231510244,15.565605575120053,0.0,0.0
215,0.0,260.42476668000023,270.0,16.000000000000004,24.459850000000017,1,31.0,236.45423595623183,270.0,-3.7786868554236266,15.316212242662093,0.0,0.0
216,0.0,262.17476668000023,270.0,16.700000000000003,25.0,1,31.0,237.50589961482032,270.0,-4.17779559139579,15.023766551264387,0.0,0.0
217,0.0,263.8759616800002,270.0,-5.0,24.655,1,31.0,238.52066285775155,270.0,-4.59496935643934,14.706713665670073,0.0,0.0
218,0.0,265.4601579300002,270.0,-4.35,24.37225,1,31.0,239.4554372117255,270.0,-5.008765513515373,14.381143907291573,0.0,0.0
219,0.0,267.0047857700002,270.0,-3.7099999999999995,24.13481,1,31.0,240.353568492713,270.0,-5.4350412790883755,14.033301265429918,0.0,0.0
220,0.0,268.5843974300002,270.0,-3.0499999999999994,23.933510000000002,1,31.0,241.25409950570378,270.0,-5.89230269228656,13.644409287739006,0.0,0.0
221,0.0,270.1535982500002,270.0,-2.3899999999999992,23.77577,1,31.0,242.12690289115787,270.0,-6.365387405112385,13.224293719001588,0.0,0.0
222,0.0,271.69167180000017,270.0,-1.7399999999999993,23.662670000000002,1,31.0,242.95756180872223,270.0,-6.845011638046767,12.779367962528548,0.0,0.0
223,0.0,273.2487035400002,270.0,-1.0799999999999992,23.59139,1,31.0,243.76900975191077,270.0,-7.343972070328112,12.294665805886893,0.0,0.0
224,0.0,274.8510684600002,270.0,-0.39999999999999913,23.56419,1,31.0,244.5686639973171,270.0,-7.868302204584721,11.759621255975132,0.0,0.0
225,0.0,276.3601596600002,270.0,0.24000000000000088,23.57955,1,31.0,245.28699849436182,270.0,-8.369449057046687,11.223976516324143,0.0,0.0
226,0.0,277.8965906600002,270.0,0.8900000000000009,23.6374,1,31.0,245.97902140794906,270.0,-8.884156206824771,10.646506362880533,0.0,0.0
227,0.0,279.4634108600002,270.0,1.550000000000001,23.7397,1,31.0,246.64069870937692,270.0,-9.410495528527397,10.025413657997724,0.0,0.0
228,0.0,281.0398578200002,270.0,2.210000000000001,23.885559999999998,1,31.0,247.25908421378483,270.0,-9.938429067939204,9.369477339513736,0.0,0.0
229,0.0,282.6045027200002,270.0,2.8600000000000008,24.07146,1,31.0,247.8288566280412,270.0,-9.288429067939203,8.765729450097687,0.0,0.0
230,0.0,284.1839773700002,270.0,3.5100000000000007,24.299609999999998,1,31.0,248.36213167948551,270.0,-8.638429067939203,8.20423156068164,0.0,0.0
231,0.0,285.8059161500002,270.0,4.170000000000001,24.57483,1,31.0,248.86885692547057,270.0,-7.978429067939203,7.677655242197653,0.0,0.0
232,0.0,287.7274673200002,270.0,4.940000000000001,24.955209999999997,1,31.0,249.41729760317597,270.0,-7.208429067939203,7.122606203966334,0.0,0.0
233,0.0,289.3524673200002,270.0,5.590000000000002,25.0,1,31.0,249.85255764362174,270.0,-6.558429067939203,6.6963083145502855,0.0,0.0
234,0.0,290.9076223200002,270.0,-5.0,24.685,1,31.0,250.25089513246775,270.0,-5.928429067939203,6.3228172832701155,0.0,0.0
235,0.0,292.4937685700002,270.0,-4.35,24.40225,1,31.0,250.63957689306827,270.0,-5.278429067939203,5.979719393854067,0.0,0.0
236,0.0,294.0642823200002,270.0,-3.6999999999999997,24.161749999999998,1,31.0,251.00870354085674,270.0,-4.628429067939202,5.6788715044380185,0.0,0.0
237,0.0,295.64571558000017,270.0,-3.0399999999999996,23.961109999999998,1,31.0,251.3662225831297,270.0,-3.9684290679392022,5.4169551859540315,0.0,0.0
238,0.0,297.1930899800002,270.0,-2.3899999999999997,23.80576,1,31.0,251.70430430740467,270.0,-3.3184290679392023,5.2012572965379835,0.0,0.0
239,0.0,298.7331128800002,270.0,-1.7399999999999998,23.69266,1,31.0,252.0311119188676,270.0,-2.6684290679392024,5.027809407121936,0.0,0.0
240,0.0,300.2921239600002,270.0,-1.0799999999999996,23.62138,1,31.0,252.3541986227177,270.0,-2.0084290679392023,4.895253088637948,0.0,0.0
241,0.0,302.5586705200002,270.0,-0.11999999999999966,23.609859999999998,1,31.0,252.81448059693682,270.0,-1.0484290679392023,4.794603898115785,0.0,0.0
242,0.0,304.0955506700002,270.0,0.5300000000000004,23.644309999999997,1,31.0,253.1244464875023,270.0,-0.3984290679392023,4.768706008699737,0.0,0.0
243,0.0,305.63741632000017,270.0,1.1800000000000004,23.721009999999996,1,31.0,253.43547526525575,270.0,0.2515709320607977,4.785058119283689,0.0,0.0
244,0.0,307.16301568000017,270.0,1.8200000000000003,23.837489999999995,1,31.0,253.74537085942762,270.0,0.8915709320607977,4.84211865893558,0.0,0.0
245,0.0,308.7228882800002,270.0,2.47,23.998039999999996,1,31.0,254.0666217094464,270.0,1.5415709320607978,4.942320769519532,0.0,0.0
246,0.0,310.29594288000015,270.0,3.12,24.200839999999996,1,31.0,254.39713194665313,270.0,2.191570932060798,5.084772880103484,0.0,0.0
247,0.0,311.9591712000001,270.0,3.8000000000000003,24.459239999999998,1,31.0,254.75617464649002,270.0,2.871570932060798,5.280039703483618,0.0,0.0
248,0.0,313.54274880000014,270.0,4.44,24.743399999999998,1,31.0,255.1084805820507,270.0,3.511570932060798,5.504780243135509,0.0,0.0
249,0.0,315.16774880000014,270.0,5.090000000000001,25.0,1,31.0,255.48387393504248,270.0,4.1615709320607985,5.7752823537194615,0.0,0.0
250,0.0,316.79596880000014,270.0,-5.0,24.67,1,31.0,255.88604533336803,270.0,4.821570932060799,6.093506035235475,0.0,0.0
251,0.0,318.3811400500001,270.0,-4.35,24.38725,1,31.0,256.3052406128463,270.0,5.471570932060799,6.4491581458194265,0.0,0.0
252,0.0,319.9506788000001,270.0,-3.6999999999999997,24.14675,1,31.0,256.7502995295125,270.0,6.121570932060799,6.8470602564033785,0.0,0.0
253,0.0,321.5311220600001,270.0,-3.0399999999999996,23.94611,1,31.0,257.2317460294152,270.0,6.7815709320607995,7.294643937919391,0.0,0.0
254,0.0,323.07752146000007,270.0,-2.3899999999999997,23.790760000000002,1,31.0,257.7372962725679,270.0,7.4315709320608,7.777696048503342,0.0,0.0
255,0.0,324.6165693600001,270.0,-1.7399999999999998,23.677660000000003,1,31.0,258.2769911529086,270.0,8.0815709320608,8.302998159087295,0.0,0.0
256,0.0,326.1274340000001,270.0,-1.0999999999999996,23.607260000000004,1,31.0,258.84410658962787,270.0,8.7215709320608,8.861178698739186,0.0,0.0
257,0.0,327.66000465000013,270.0,-0.4499999999999996,23.578010000000003,1,31.0,259.4596780922339,270.0,9.3715709320608,9.470330809323139,0.0,0.0
258,0.0,329.21706807000015,270.0,0.2100000000000004,23.591870000000004,1,31.0,260.1284174486293,270.0,10.0315709320608,10.132414490839151,0.0,0.0
259,0.0,330.75417312000013,270.0,0.8600000000000004,23.647770000000005,1,31.0,260.82721326617764,270.0,9.512159915685636,10.750704885358719,0.0,0.0
260,0.0,332.2976579200001,270.0,1.5100000000000005,23.745920000000005,1,31.0,261.5640144962633,270.0,8.995363914165784,11.335403539779495,0.0,0.0
261,0.0,333.85026872000014,270.0,2.1600000000000006,23.886320000000005,1,31.0,262.33665751625296,270.0,8.483263882599436,11.886815692148458,0.0,0.0
262,0.0,335.4147517700001,270.0,2.8100000000000005,24.068970000000004,1,31.0,263.143007256131,270.0,7.977921867071195,12.405380613508086,0.0,0.0
263,0.0,336.99385332000014,270.0,3.4600000000000004,24.293870000000005,1,31.0,263.98096579567294,270.0,7.481372701520276,12.891669839106903,0.0,0.0
